"Fecha,""Último"",""Apertura"",""Máximo"",""Mínimo"",""Vol."",""% var."""
"31.12.2021,""46.218,0"",""47.156,0"",""48.589,0"",""45.697,0"",""4,25K"",""-1,99%"""
"30.12.2021,""47.156,0"",""46.465,0"",""47.911,0"",""45.996,0"",""3,20K"",""1,49%"""
"29.12.2021,""46.465,0"",""47.554,0"",""48.166,0"",""46.129,0"",""4,12K"",""-2,29%"""
"28.12.2021,""47.554,0"",""50.684,0"",""50.710,0"",""47.339,0"",""5,43K"",""-6,18%"""
"27.12.2021,""50.684,0"",""50.797,0"",""52.027,0"",""50.483,0"",""3,52K"",""-0,22%"""
"26.12.2021,""50.797,0"",""50.435,2"",""51.281,0"",""49.473,0"",""2,90K"",""0,71%"""
"25.12.2021,""50.437,0"",""50.815,0"",""51.169,0"",""50.209,0"",""1,99K"",""-0,74%"""
"24.12.2021,""50.815,0"",""50.833,0"",""51.834,0"",""50.439,0"",""2,60K"",""0,01%"""
"23.12.2021,""50.812,0"",""48.626,0"",""51.376,0"",""48.078,0"",""4,43K"",""4,50%"""
"22.12.2021,""48.626,0"",""48.923,0"",""49.575,1"",""48.459,8"",""3,14K"",""-0,61%"""
"21.12.2021,""48.923,0"",""46.898,0"",""49.352,0"",""46.683,0"",""4,71K"",""4,32%"""
"20.12.2021,""46.898,0"",""46.716,5"",""47.541,0"",""45.606,0"",""5,65K"",""0,39%"""
"19.12.2021,""46.716,5"",""46.879,0"",""48.283,0"",""46.474,9"",""5,24K"",""-0,35%"""
"18.12.2021,""46.879,0"",""46.193,0"",""47.364,0"",""45.543,5"",""3,74K"",""1,49%"""
"17.12.2021,""46.193,0"",""47.675,0"",""48.028,8"",""45.539,0"",""5,86K"",""-3,11%"""
"16.12.2021,""47.675,0"",""48.901,0"",""49.462,1"",""47.561,0"",""3,53K"",""-2,51%"""
"15.12.2021,""48.901,0"",""48.408,0"",""49.520,0"",""46.602,0"",""7,04K"",""1,02%"""
"14.12.2021,""48.408,0"",""46.777,0"",""48.656,0"",""46.356,2"",""5,48K"",""3,49%"""
"13.12.2021,""46.777,0"",""50.123,0"",""50.222,7"",""45.790,0"",""8,71K"",""-6,68%"""
"12.12.2021,""50.123,0"",""49.363,1"",""50.800,0"",""48.692,0"",""3,87K"",""1,54%"""
"11.12.2021,""49.363,1"",""47.170,0"",""49.510,0"",""46.897,0"",""5,29K"",""4,65%"""
"10.12.2021,""47.170,0"",""47.611,0"",""50.105,0"",""47.060,0"",""8,17K"",""-0,93%"""
"09.12.2021,""47.611,0"",""50.503,4"",""50.824,0"",""47.408,0"",""5,28K"",""-5,73%"""
"08.12.2021,""50.503,4"",""50.634,0"",""51.239,0"",""48.760,0"",""4,03K"",""-0,26%"""
"07.12.2021,""50.634,0"",""50.566,6"",""51.969,0"",""50.102,0"",""3,91K"",""0,13%"""
"06.12.2021,""50.566,6"",""49.469,0"",""50.974,0"",""47.295,0"",""8,05K"",""2,22%"""
"05.12.2021,""49.469,0"",""49.272,0"",""49.752,0"",""47.860,0"",""4,78K"",""0,40%"""
"04.12.2021,""49.272,0"",""53.709,0"",""53.879,0"",""42.101,0"",""22,58K"",""-8,26%"""
"03.12.2021,""53.709,0"",""56.517,0"",""57.599,0"",""52.062,0"",""10,73K"",""-4,97%"""
"02.12.2021,""56.517,0"",""57.250,0"",""57.389,0"",""55.842,0"",""4,41K"",""-1,28%"""
"01.12.2021,""57.250,0"",""56.938,0"",""59.055,0"",""56.505,0"",""5,18K"",""0,55%"""
"30.11.2021,""56.938,0"",""57.845,0"",""59.174,0"",""55.940,0"",""6,47K"",""-1,57%"""
"29.11.2021,""57.845,0"",""57.325,0"",""58.886,0"",""56.772,0"",""5,07K"",""0,91%"""
"28.11.2021,""57.325,0"",""54.836,0"",""57.469,0"",""53.482,0"",""4,94K"",""4,54%"""
"27.11.2021,""54.836,0"",""53.738,0"",""55.329,0"",""53.711,0"",""3,09K"",""2,04%"""
"26.11.2021,""53.738,0"",""58.995,0"",""59.229,0"",""53.565,0"",""12,19K"",""-8,91%"""
"25.11.2021,""58.995,0"",""57.209,0"",""59.423,4"",""57.070,0"",""3,98K"",""3,12%"""
"24.11.2021,""57.209,0"",""57.602,0"",""57.762,0"",""55.916,9"",""4,89K"",""-0,68%"""
"23.11.2021,""57.602,0"",""56.299,0"",""57.866,2"",""55.460,0"",""8,56K"",""2,31%"""
"22.11.2021,""56.299,0"",""58.790,0"",""59.407,0"",""55.714,0"",""8,83K"",""-4,24%"""
"21.11.2021,""58.790,0"",""59.739,0"",""60.047,0"",""58.624,0"",""2,44K"",""-1,59%"""
"20.11.2021,""59.739,0"",""58.130,0"",""59.886,0"",""57.494,4"",""3,13K"",""2,77%"""
"19.11.2021,""58.130,0"",""56.932,0"",""58.379,0"",""55.670,0"",""5,18K"",""1,96%"""
"18.11.2021,""57.014,0"",""60.386,1"",""60.945,0"",""56.559,0"",""11,54K"",""-5,58%"""
"17.11.2021,""60.386,1"",""60.124,0"",""60.847,0"",""58.427,0"",""6,72K"",""0,44%"""
"16.11.2021,""60.124,0"",""63.562,0"",""63.562,0"",""58.708,0"",""13,07K"",""-5,41%"""
"15.11.2021,""63.562,0"",""65.471,0"",""66.320,0"",""63.383,3"",""5,27K"",""-2,92%"""
"14.11.2021,""65.471,0"",""64.406,0"",""65.471,0"",""63.589,0"",""2,19K"",""1,65%"""
"13.11.2021,""64.406,0"",""64.137,0"",""64.968,2"",""63.405,0"",""1,87K"",""0,39%"""
"12.11.2021,""64.156,0"",""64.801,0"",""65.412,0"",""62.310,0"",""5,12K"",""-1,00%"""
"11.11.2021,""64.801,0"",""64.954,0"",""65.541,0"",""64.089,0"",""2,86K"",""-0,24%"""
"10.11.2021,""64.954,0"",""66.935,0"",""68.925,0"",""63.123,0"",""12,23K"",""-2,96%"""
"09.11.2021,""66.935,0"",""67.526,0"",""68.429,0"",""66.343,0"",""6,46K"",""-0,88%"""
"08.11.2021,""67.526,0"",""63.259,1"",""67.665,0"",""63.259,1"",""8,98K"",""6,75%"""
"07.11.2021,""63.259,1"",""61.495,0"",""63.279,0"",""61.400,0"",""3,23K"",""2,87%"""
"06.11.2021,""61.496,0"",""61.016,4"",""61.583,0"",""60.100,0"",""2,93K"",""0,79%"""
"05.11.2021,""61.016,4"",""61.422,8"",""62.598,0"",""60.746,3"",""2,26K"",""-0,66%"""
"04.11.2021,""61.422,8"",""62.904,0"",""63.060,2"",""60.733,0"",""2,93K"",""-2,35%"""
"03.11.2021,""62.904,0"",""63.249,0"",""63.556,0"",""60.624,0"",""4,76K"",""-0,55%"""
"02.11.2021,""63.249,0"",""60.927,0"",""64.263,4"",""60.661,0"",""5,20K"",""3,81%"""
"01.11.2021,""60.927,0"",""61.330,0"",""62.485,0"",""59.595,6"",""4,81K"",""-0,66%"""
"31.10.2021,""61.330,0"",""61.838,8"",""62.414,0"",""60.021,0"",""2,42K"",""-0,82%"""
"30.10.2021,""61.838,8"",""62.235,0"",""62.353,0"",""60.756,0"",""2,24K"",""-0,64%"""
"29.10.2021,""62.235,0"",""60.598,0"",""62.980,0"",""60.189,5"",""3,92K"",""2,70%"""
"28.10.2021,""60.598,0"",""58.453,0"",""62.395,0"",""57.612,0"",""8,07K"",""3,67%"""
"27.10.2021,""58.453,0"",""60.289,0"",""61.447,7"",""58.096,4"",""7,14K"",""-3,05%"""
"26.10.2021,""60.290,0"",""63.100,0"",""63.306,0"",""59.852,0"",""4,75K"",""-4,45%"""
"25.10.2021,""63.100,0"",""60.847,0"",""63.666,0"",""60.633,0"",""3,71K"",""3,70%"""
"24.10.2021,""60.847,0"",""61.302,0"",""61.471,0"",""59.537,0"",""2,88K"",""-0,74%"""
"23.10.2021,""61.302,0"",""60.708,0"",""61.731,0"",""59.762,0"",""2,71K"",""0,98%"""
"22.10.2021,""60.708,0"",""62.200,0"",""63.708,0"",""60.045,0"",""6,35K"",""-2,40%"""
"21.10.2021,""62.200,0"",""65.988,0"",""66.643,0"",""62.100,0"",""13,37K"",""-5,74%"""
"20.10.2021,""65.988,0"",""64.263,0"",""66.927,0"",""63.536,0"",""9,26K"",""2,73%"""
"19.10.2021,""64.237,0"",""62.034,0"",""64.418,0"",""61.441,1"",""9,15K"",""3,55%"""
"18.10.2021,""62.034,0"",""61.504,0"",""62.661,0"",""59.948,0"",""8,56K"",""0,85%"""
"17.10.2021,""61.511,0"",""60.867,5"",""61.652,0"",""59.073,0"",""5,14K"",""1,06%"""
"16.10.2021,""60.867,5"",""61.680,0"",""62.325,0"",""60.175,0"",""4,28K"",""-1,36%"""
"15.10.2021,""61.709,0"",""57.354,0"",""62.897,0"",""56.889,0"",""11,88K"",""7,59%"""
"14.10.2021,""57.354,0"",""57.381,0"",""58.473,0"",""56.880,0"",""4,59K"",""-0,05%"""
"13.10.2021,""57.381,0"",""55.967,0"",""57.758,0"",""54.310,0"",""3,09K"",""2,53%"""
"12.10.2021,""55.967,0"",""57.468,0"",""57.633,0"",""54.000,0"",""5,94K"",""-2,61%"""
"11.10.2021,""57.468,0"",""54.701,0"",""57.802,5"",""54.430,0"",""7,51K"",""5,06%"""
"10.10.2021,""54.701,0"",""54.978,0"",""56.414,0"",""54.173,0"",""5,84K"",""-0,50%"""
"09.10.2021,""54.978,0"",""53.925,0"",""55.443,7"",""53.711,0"",""2,44K"",""1,95%"""
"08.10.2021,""53.925,0"",""53.793,0"",""56.000,0"",""53.649,0"",""5,48K"",""0,25%"""
"07.10.2021,""53.793,0"",""55.331,0"",""55.339,0"",""53.444,0"",""4,95K"",""-2,78%"""
"06.10.2021,""55.331,0"",""51.508,0"",""55.724,0"",""50.448,0"",""10,52K"",""7,42%"""
"05.10.2021,""51.508,0"",""49.232,0"",""51.891,1"",""49.065,0"",""6,68K"",""4,58%"""
"04.10.2021,""49.252,0"",""48.243,0"",""49.503,0"",""46.951,0"",""6,19K"",""2,09%"""
"03.10.2021,""48.243,0"",""47.675,0"",""49.187,0"",""47.124,0"",""3,60K"",""1,19%"""
"02.10.2021,""47.675,0"",""48.151,0"",""48.330,0"",""47.459,0"",""2,06K"",""-1,00%"""
"01.10.2021,""48.157,0"",""43.830,0"",""48.454,0"",""43.311,0"",""8,32K"",""9,87%"""
"30.09.2020,""10.794,0"",""10.856,0"",""10.856,0"",""10.715,0"",""1,50K"",""-0,57%"""
"29.09.2020,""10.856,0"",""10.712,0"",""10.856,0"",""10.697,0"",""1,79K"",""1,34%"""
"28.09.2020,""10.712,0"",""10.803,0"",""10.941,0"",""10.712,0"",""3,79K"",""-0,84%"""
"27.09.2020,""10.803,0"",""10.750,0"",""10.807,1"",""10.664,0"",""1,75K"",""0,49%"""
"26.09.2020,""10.750,0"",""10.708,0"",""10.776,9"",""10.700,7"",""0,94K"",""0,39%"""
"25.09.2020,""10.708,0"",""10.754,0"",""10.765,0"",""10.629,0"",""2,35K"",""-0,43%"""
"24.09.2020,""10.754,0"",""10.263,0"",""10.760,0"",""10.263,0"",""3,20K"",""4,78%"""
"23.09.2020,""10.263,0"",""10.549,0"",""10.549,0"",""10.255,0"",""3,09K"",""-2,71%"""
"22.09.2020,""10.549,0"",""10.435,0"",""10.589,0"",""10.435,0"",""2,41K"",""1,10%"""
"21.09.2020,""10.434,0"",""10.934,5"",""10.980,9"",""10.434,0"",""6,01K"",""-4,58%"""
"20.09.2020,""10.934,5"",""11.099,0"",""11.099,0"",""10.848,2"",""1,82K"",""-1,48%"""
"19.09.2020,""11.099,0"",""10.957,2"",""11.127,0"",""10.957,2"",""2,47K"",""1,29%"""
"18.09.2020,""10.957,2"",""10.959,0"",""11.022,0"",""10.868,0"",""2,26K"",""-0,02%"""
"17.09.2020,""10.959,0"",""10.971,3"",""11.040,4"",""10.812,7"",""2,51K"",""-0,11%"""
"16.09.2020,""10.971,3"",""10.797,0"",""11.091,0"",""10.690,9"",""4,80K"",""1,61%"""
"15.09.2020,""10.797,0"",""10.690,0"",""10.899,9"",""10.690,0"",""4,99K"",""1,04%"""
"14.09.2020,""10.686,0"",""10.331,0"",""10.754,0"",""10.331,0"",""3,68K"",""3,44%"""
"13.09.2020,""10.331,0"",""10.458,0"",""10.560,0"",""10.244,0"",""4,04K"",""-1,21%"""
"12.09.2020,""10.458,0"",""10.405,0"",""10.463,5"",""10.352,0"",""1,43K"",""0,51%"""
"11.09.2020,""10.405,0"",""10.355,0"",""10.405,0"",""10.220,0"",""2,47K"",""0,48%"""
"10.09.2020,""10.355,0"",""10.240,0"",""10.407,0"",""10.240,0"",""3,55K"",""1,12%"""
"09.09.2020,""10.240,0"",""10.149,8"",""10.324,0"",""10.030,0"",""2,41K"",""0,89%"""
"08.09.2020,""10.149,8"",""10.397,0"",""10.397,0"",""10.007,0"",""6,76K"",""-2,38%"""
"07.09.2020,""10.397,0"",""10.276,0"",""10.397,0"",""9.964,1"",""6,30K"",""1,18%"""
"06.09.2020,""10.276,0"",""10.196,9"",""10.325,0"",""10.122,0"",""2,76K"",""0,77%"""
"05.09.2020,""10.197,0"",""10.484,7"",""10.517,7"",""10.046,2"",""8,51K"",""-2,74%"""
"04.09.2020,""10.484,7"",""10.170,0"",""10.593,0"",""10.170,0"",""13,59K"",""3,09%"""
"03.09.2020,""10.170,0"",""11.408,0"",""11.408,0"",""10.011,0"",""15,88K"",""-10,85%"""
"02.09.2020,""11.408,0"",""11.942,0"",""11.942,0"",""11.334,0"",""6,19K"",""-4,47%"""
"01.09.2020,""11.942,0"",""11.671,0"",""12.037,0"",""11.616,0"",""5,02K"",""2,32%"""
"31.08.2020,""11.671,0"",""11.729,9"",""11.734,0"",""11.639,1"",""2,24K"",""-0,50%"""
"30.08.2020,""11.729,9"",""11.492,0"",""11.729,9"",""11.492,0"",""2,10K"",""2,07%"""
"29.08.2020,""11.492,0"",""11.545,0"",""11.587,0"",""11.476,3"",""1,52K"",""-0,46%"""
"28.08.2020,""11.545,0"",""11.343,0"",""11.545,0"",""11.343,0"",""2,02K"",""1,78%"""
"27.08.2020,""11.343,0"",""11.471,1"",""11.471,1"",""11.254,0"",""4,81K"",""-1,12%"""
"26.08.2020,""11.471,0"",""11.341,0"",""11.482,0"",""11.316,0"",""2,48K"",""1,15%"""
"25.08.2020,""11.341,0"",""11.768,0"",""11.768,0"",""11.200,0"",""6,16K"",""-3,63%"""
"24.08.2020,""11.768,0"",""11.663,0"",""11.817,9"",""11.616,8"",""1,99K"",""0,90%"""
"23.08.2020,""11.663,0"",""11.685,0"",""11.692,6"",""11.551,0"",""1,93K"",""-0,19%"""
"22.08.2020,""11.685,0"",""11.531,0"",""11.690,7"",""11.449,0"",""3,46K"",""1,34%"""
"21.08.2020,""11.531,0"",""11.884,0"",""11.889,0"",""11.531,0"",""6,10K"",""-2,97%"""
"20.08.2020,""11.884,0"",""11.778,0"",""11.900,0"",""11.719,0"",""2,73K"",""0,90%"""
"19.08.2020,""11.778,0"",""11.961,8"",""12.004,0"",""11.694,6"",""6,29K"",""-1,54%"""
"18.08.2020,""11.961,8"",""12.300,0"",""12.359,0"",""11.927,2"",""7,18K"",""-2,75%"""
"17.08.2020,""12.300,0"",""11.925,0"",""12.415,0"",""11.826,1"",""10,12K"",""3,14%"""
"16.08.2020,""11.925,0"",""11.873,4"",""11.925,0"",""11.781,0"",""2,71K"",""0,43%"""
"15.08.2020,""11.873,4"",""11.761,0"",""11.977,4"",""11.761,0"",""4,04K"",""0,96%"""
"14.08.2020,""11.761,0"",""11.792,5"",""11.824,0"",""11.699,0"",""4,65K"",""-0,27%"""
"13.08.2020,""11.792,5"",""11.589,0"",""11.792,5"",""11.388,0"",""5,78K"",""1,74%"""
"12.08.2020,""11.591,0"",""11.379,8"",""11.591,0"",""11.257,0"",""5,82K"",""1,86%"""
"11.08.2020,""11.379,8"",""11.892,0"",""11.912,0"",""11.278,0"",""7,11K"",""-4,31%"""
"10.08.2020,""11.892,0"",""11.675,7"",""12.024,0"",""11.675,7"",""6,57K"",""1,85%"""
"09.08.2020,""11.675,7"",""11.764,0"",""11.782,0"",""11.572,0"",""1,57K"",""-0,75%"""
"08.08.2020,""11.764,0"",""11.580,0"",""11.772,0"",""11.564,0"",""1,87K"",""1,59%"""
"07.08.2020,""11.580,0"",""11.759,0"",""11.845,0"",""11.509,0"",""5,09K"",""-1,52%"""
"06.08.2020,""11.759,0"",""11.735,8"",""11.858,0"",""11.649,7"",""3,90K"",""0,20%"""
"05.08.2020,""11.735,8"",""11.184,0"",""11.735,8"",""11.182,0"",""5,79K"",""4,93%"""
"04.08.2020,""11.184,0"",""11.226,5"",""11.346,8"",""11.096,0"",""3,26K"",""-0,38%"""
"03.08.2020,""11.226,5"",""11.053,8"",""11.389,0"",""11.053,8"",""4,09K"",""1,56%"""
"02.08.2020,""11.053,8"",""11.804,7"",""11.917,0"",""11.032,0"",""13,22K"",""-6,36%"""
"01.08.2020,""11.804,7"",""11.350,0"",""11.804,7"",""11.307,0"",""10,57K"",""4,01%"""
"31.07.2020,""11.350,0"",""11.123,0"",""11.378,0"",""11.038,0"",""5,83K"",""2,04%"""
"30.07.2020,""11.123,0"",""11.117,0"",""11.180,0"",""10.965,0"",""4,25K"",""0,05%"""
"29.07.2020,""11.117,0"",""10.932,0"",""11.240,0"",""10.929,2"",""8,82K"",""1,69%"""
"28.07.2020,""10.932,0"",""11.044,0"",""11.211,8"",""10.761,0"",""9,88K"",""-1,01%"""
"27.07.2020,""11.044,0"",""9.946,3"",""11.249,1"",""9.946,3"",""21,58K"",""11,02%"""
"26.07.2020,""9.948,1"",""9.714,9"",""10.008,0"",""9.685,8"",""8,94K"",""2,40%"""
"25.07.2020,""9.714,9"",""9.559,1"",""9.730,5"",""9.559,1"",""2,56K"",""1,63%"""
"24.07.2020,""9.559,4"",""9.615,0"",""9.615,0"",""9.505,3"",""2,26K"",""-0,58%"""
"23.07.2020,""9.615,0"",""9.557,7"",""9.642,9"",""9.494,6"",""4,70K"",""0,60%"""
"22.07.2020,""9.557,7"",""9.402,0"",""9.557,7"",""9.349,3"",""4,14K"",""1,66%"""
"21.07.2020,""9.402,0"",""9.179,2"",""9.434,0"",""9.179,2"",""5,40K"",""2,43%"""
"20.07.2020,""9.179,2"",""9.231,2"",""9.231,2"",""9.169,7"",""1,40K"",""-0,56%"""
"19.07.2020,""9.231,2"",""9.189,1"",""9.231,2"",""9.130,5"",""1,44K"",""0,46%"""
"18.07.2020,""9.189,1"",""9.167,3"",""9.200,1"",""9.142,9"",""1,17K"",""0,24%"""
"17.07.2020,""9.167,3"",""9.149,9"",""9.172,0"",""9.128,8"",""1,06K"",""0,19%"""
"16.07.2020,""9.149,9"",""9.210,1"",""9.215,7"",""9.092,1"",""2,87K"",""-0,65%"""
"15.07.2020,""9.210,1"",""9.263,4"",""9.263,4"",""9.195,7"",""0,90K"",""-0,58%"""
"14.07.2020,""9.263,4"",""9.252,0"",""9.270,7"",""9.194,8"",""2,20K"",""0,12%"""
"13.07.2020,""9.252,0"",""9.315,8"",""9.344,8"",""9.238,1"",""1,93K"",""-0,68%"""
"12.07.2020,""9.315,8"",""9.246,3"",""9.315,8"",""9.195,6"",""1,86K"",""0,75%"""
"11.07.2020,""9.246,3"",""9.305,7"",""9.305,7"",""9.221,8"",""0,81K"",""-0,64%"""
"10.07.2020,""9.305,7"",""9.248,9"",""9.305,7"",""9.161,9"",""1,42K"",""0,61%"""
"09.07.2020,""9.248,9"",""9.447,0"",""9.447,0"",""9.215,0"",""3,71K"",""-2,10%"""
"08.07.2020,""9.447,0"",""9.267,5"",""9.480,7"",""9.267,5"",""3,81K"",""1,94%"""
"07.07.2020,""9.267,5"",""9.361,0"",""9.361,0"",""9.255,1"",""1,63K"",""-1,00%"""
"06.07.2020,""9.361,0"",""9.089,7"",""9.361,0"",""9.080,1"",""4,26K"",""2,99%"""
"05.07.2020,""9.089,7"",""9.147,7"",""9.152,3"",""9.004,9"",""2,08K"",""-0,63%"""
"04.07.2020,""9.147,7"",""9.073,9"",""9.203,5"",""9.060,0"",""1,13K"",""0,81%"""
"03.07.2020,""9.073,9"",""9.100,0"",""9.135,5"",""9.058,1"",""1,09K"",""-0,29%"""
"02.07.2020,""9.100,0"",""9.239,9"",""9.266,1"",""8.950,2"",""3,79K"",""-1,51%"""
"01.07.2020,""9.239,9"",""9.150,6"",""9.298,0"",""9.109,5"",""2,19K"",""0,98%"""
"30.06.2019,""10.745,0"",""11.973,0"",""12.229,0"",""10.705,0"",""19,07K"",""-9,86%"""
"29.06.2019,""11.921,0"",""12.350,7"",""12.350,7"",""11.375,0"",""20,39K"",""-3,47%"""
"28.06.2019,""12.349,0"",""11.183,0"",""12.404,0"",""10.812,0"",""31,98K"",""10,26%"""
"27.06.2019,""11.200,0"",""12.876,0"",""13.222,0"",""10.397,0"",""47,61K"",""-13,02%"""
"26.06.2019,""12.876,0"",""11.746,0"",""13.764,0"",""11.693,0"",""55,59K"",""9,57%"""
"25.06.2019,""11.751,0"",""11.070,0"",""11.780,0"",""10.992,4"",""21,85K"",""6,32%"""
"24.06.2019,""11.053,0"",""10.913,0"",""11.135,0"",""10.560,0"",""14,40K"",""1,26%"""
"23.06.2019,""10.916,0"",""10.745,0"",""11.368,0"",""10.576,0"",""18,59K"",""1,56%"""
"22.06.2019,""10.747,9"",""10.227,0"",""11.210,0"",""10.098,2"",""36,68K"",""5,00%"""
"21.06.2019,""10.236,0"",""9.557,8"",""10.249,0"",""9.557,8"",""22,23K"",""7,10%"""
"20.06.2019,""9.557,1"",""9.306,0"",""9.620,8"",""9.241,0"",""10,59K"",""2,70%"""
"19.06.2019,""9.305,9"",""9.094,9"",""9.339,9"",""9.062,0"",""5,77K"",""2,31%"""
"18.06.2019,""9.095,9"",""9.351,0"",""9.370,9"",""8.945,4"",""10,59K"",""-2,78%"""
"17.06.2019,""9.356,0"",""8.986,0"",""9.489,9"",""8.986,0"",""14,17K"",""4,12%"""
"16.06.2019,""8.986,0"",""8.852,8"",""9.389,6"",""8.803,0"",""20,91K"",""1,47%"""
"15.06.2019,""8.856,0"",""8.689,0"",""8.904,1"",""8.611,0"",""9,40K"",""1,92%"""
"14.06.2019,""8.689,1"",""8.230,0"",""8.714,9"",""8.163,3"",""12,71K"",""5,61%"""
"13.06.2019,""8.227,4"",""8.177,6"",""8.333,0"",""8.038,9"",""8,89K"",""0,64%"""
"12.06.2019,""8.175,4"",""7.903,1"",""8.238,8"",""7.822,3"",""9,14K"",""3,43%"""
"11.06.2019,""7.904,1"",""8.018,8"",""8.048,9"",""7.711,3"",""6,53K"",""-1,37%"""
"10.06.2019,""8.013,7"",""7.622,5"",""8.046,3"",""7.523,3"",""8,90K"",""4,90%"""
"09.06.2019,""7.639,2"",""7.924,0"",""7.961,0"",""7.502,5"",""6,83K"",""-3,60%"""
"08.06.2019,""7.924,6"",""8.002,1"",""8.064,8"",""7.802,0"",""4,77K"",""-0,84%"""
"07.06.2019,""7.991,5"",""7.816,9"",""8.123,5"",""7.769,1"",""13,44K"",""2,38%"""
"06.06.2019,""7.805,6"",""7.766,3"",""7.870,6"",""7.461,0"",""7,51K"",""0,21%"""
"05.06.2019,""7.789,3"",""7.692,8"",""7.931,0"",""7.603,0"",""10,83K"",""1,25%"""
"04.06.2019,""7.692,8"",""8.088,0"",""8.088,0"",""7.524,5"",""28,12K"",""-5,07%"""
"03.06.2019,""8.103,4"",""8.740,1"",""8.740,1"",""8.050,1"",""18,66K"",""-7,28%"""
"02.06.2019,""8.740,0"",""8.546,9"",""8.818,0"",""8.540,0"",""6,24K"",""2,26%"""
"01.06.2019,""8.547,0"",""8.531,9"",""8.625,0"",""8.452,0"",""5,46K"",""0,16%"""
"31.05.2019,""8.533,3"",""8.268,5"",""8.550,0"",""8.112,4"",""10,93K"",""3,18%"""
"30.05.2019,""8.269,9"",""8.681,2"",""9.100,0"",""8.019,7"",""20,29K"",""-4,73%"""
"29.05.2019,""8.680,9"",""8.738,1"",""8.794,9"",""8.490,0"",""10,30K"",""-0,69%"""
"28.05.2019,""8.740,9"",""8.806,1"",""8.843,7"",""8.558,3"",""11,14K"",""-0,74%"""
"27.05.2019,""8.806,0"",""8.730,0"",""8.951,0"",""8.661,0"",""17,56K"",""0,87%"""
"26.05.2019,""8.729,9"",""8.054,9"",""8.820,0"",""7.880,2"",""20,14K"",""8,38%"""
"25.05.2019,""8.054,9"",""7.990,0"",""8.135,0"",""7.950,4"",""4,34K"",""0,75%"""
"24.05.2019,""7.994,9"",""7.872,1"",""8.158,6"",""7.801,6"",""10,92K"",""1,56%"""
"23.05.2019,""7.872,4"",""7.619,9"",""7.957,1"",""7.496,3"",""10,55K"",""3,30%"""
"22.05.2019,""7.621,1"",""7.933,6"",""8.030,0"",""7.507,9"",""10,78K"",""-3,98%"""
"21.05.2019,""7.937,0"",""7.990,5"",""8.089,9"",""7.819,7"",""7,69K"",""-0,60%"""
"20.05.2019,""7.985,0"",""8.188,3"",""8.188,3"",""7.601,0"",""16,90K"",""-2,50%"""
"19.05.2019,""8.189,5"",""7.260,1"",""8.263,2"",""7.252,0"",""23,46K"",""12,80%"""
"18.05.2019,""7.260,0"",""7.418,3"",""7.509,1"",""7.210,6"",""9,32K"",""-2,10%"""
"17.05.2019,""7.415,4"",""7.857,5"",""7.905,7"",""7.067,4"",""29,02K"",""-5,62%"""
"16.05.2019,""7.857,0"",""8.135,5"",""8.307,7"",""7.750,1"",""22,29K"",""-3,39%"""
"15.05.2019,""8.132,9"",""7.951,9"",""8.208,9"",""7.837,6"",""19,04K"",""2,19%"""
"14.05.2019,""7.958,3"",""7.753,2"",""8.194,1"",""7.684,1"",""29,32K"",""2,65%"""
"13.05.2019,""7.753,2"",""6.980,1"",""8.049,9"",""6.883,9"",""36,47K"",""11,08%"""
"12.05.2019,""6.979,9"",""7.125,1"",""7.448,0"",""6.860,0"",""31,96K"",""-2,19%"""
"11.05.2019,""7.136,4"",""6.438,7"",""7.278,3"",""6.438,7"",""37,91K"",""10,84%"""
"10.05.2019,""6.438,7"",""6.262,0"",""6.522,0"",""6.212,6"",""14,49K"",""2,88%"""
"09.05.2019,""6.258,4"",""6.201,9"",""6.309,0"",""6.165,0"",""9,68K"",""0,93%"""
"08.05.2019,""6.201,0"",""6.096,6"",""6.220,4"",""6.024,1"",""8,20K"",""1,86%"""
"07.05.2019,""6.087,9"",""6.027,9"",""6.290,0"",""6.027,9"",""11,99K"",""1,00%"""
"06.05.2019,""6.027,9"",""6.042,0"",""6.100,3"",""5.906,8"",""6,48K"",""-0,23%"""
"05.05.2019,""6.042,0"",""6.098,2"",""6.112,0"",""5.956,2"",""5,82K"",""-0,92%"""
"04.05.2019,""6.098,3"",""6.019,9"",""6.149,1"",""5.868,2"",""9,44K"",""1,37%"""
"03.05.2019,""6.016,0"",""5.729,6"",""6.139,9"",""5.716,5"",""19,48K"",""5,11%"""
"02.05.2019,""5.723,8"",""5.629,5"",""5.779,8"",""5.618,0"",""11,06K"",""1,67%"""
"01.05.2019,""5.629,6"",""5.599,6"",""5.655,0"",""5.585,5"",""5,53K"",""0,54%"""
"30.04.2019,""5.599,5"",""5.480,0"",""5.612,0"",""5.454,9"",""7,44K"",""2,18%"""
"29.04.2019,""5.480,1"",""5.486,8"",""5.515,2"",""5.370,3"",""7,81K"",""-0,12%"""
"28.04.2019,""5.486,8"",""5.400,6"",""5.542,2"",""5.400,6"",""7,76K"",""1,57%"""
"27.04.2019,""5.401,8"",""5.410,9"",""5.456,9"",""5.355,4"",""4,57K"",""-0,17%"""
"26.04.2019,""5.410,8"",""5.215,6"",""5.517,1"",""5.174,1"",""21,53K"",""3,68%"""
"25.04.2019,""5.219,0"",""5.479,6"",""5.556,8"",""5.065,2"",""21,49K"",""-4,77%"""
"24.04.2019,""5.480,3"",""5.547,1"",""5.647,4"",""5.415,0"",""16,53K"",""-1,27%"""
"23.04.2019,""5.550,9"",""5.417,8"",""5.645,0"",""5.395,2"",""18,76K"",""2,46%"""
"22.04.2019,""5.417,8"",""5.320,3"",""5.447,5"",""5.276,5"",""11,95K"",""1,80%"""
"21.04.2019,""5.321,9"",""5.340,1"",""5.366,1"",""5.259,4"",""6,15K"",""-0,34%"""
"20.04.2019,""5.340,0"",""5.314,1"",""5.375,6"",""5.289,2"",""6,48K"",""0,49%"""
"19.04.2019,""5.314,0"",""5.310,8"",""5.371,1"",""5.225,0"",""6,31K"",""0,06%"""
"18.04.2019,""5.310,8"",""5.254,5"",""5.339,3"",""5.254,0"",""9,04K"",""1,07%"""
"17.04.2019,""5.254,5"",""5.234,3"",""5.291,1"",""5.224,7"",""9,28K"",""0,39%"""
"16.04.2019,""5.234,3"",""5.042,8"",""5.256,2"",""5.030,0"",""8,38K"",""3,67%"""
"15.04.2019,""5.049,2"",""5.190,1"",""5.217,1"",""5.000,7"",""9,52K"",""-2,79%"""
"14.04.2019,""5.194,3"",""5.103,7"",""5.209,0"",""5.064,2"",""4,15K"",""1,81%"""
"13.04.2019,""5.101,8"",""5.114,1"",""5.160,8"",""5.075,3"",""5,21K"",""-0,24%"""
"12.04.2019,""5.114,0"",""5.059,0"",""5.134,9"",""4.935,2"",""9,22K"",""0,95%"""
"11.04.2019,""5.065,8"",""5.315,5"",""5.340,0"",""5.001,1"",""19,39K"",""-4,63%"""
"10.04.2019,""5.311,7"",""5.213,0"",""5.487,4"",""5.200,5"",""15,78K"",""1,83%"""
"09.04.2019,""5.216,3"",""5.312,4"",""5.312,5"",""5.173,5"",""11,90K"",""-1,81%"""
"08.04.2019,""5.312,5"",""5.238,9"",""5.361,7"",""5.148,5"",""17,82K"",""1,42%"""
"07.04.2019,""5.238,1"",""5.091,1"",""5.313,1"",""5.075,0"",""9,95K"",""2,90%"""
"06.04.2019,""5.090,5"",""5.080,4"",""5.280,0"",""4.968,1"",""14,20K"",""0,20%"""
"05.04.2019,""5.080,4"",""4.939,3"",""5.130,0"",""4.930,1"",""11,36K"",""2,87%"""
"04.04.2019,""4.938,9"",""4.976,9"",""5.099,9"",""4.834,0"",""15,42K"",""-0,79%"""
"03.04.2019,""4.978,0"",""4.929,3"",""5.330,1"",""4.849,1"",""44,28K"",""1,03%"""
"02.04.2019,""4.927,1"",""4.196,9"",""5.079,4"",""4.189,7"",""54,14K"",""17,40%"""
"01.04.2019,""4.196,8"",""4.167,5"",""4.220,8"",""4.127,2"",""7,01K"",""0,70%"""
"31.03.2018,""6.925,3"",""6.838,1"",""7.221,9"",""6.782,9"",""68,02K"",""1,24%"""
"30.03.2018,""6.840,4"",""7.091,5"",""7.267,3"",""6.533,0"",""108,25K"",""-3,57%"""
"29.03.2018,""7.094,0"",""7.936,0"",""7.963,9"",""6.897,2"",""77,41K"",""-10,61%"""
"28.03.2018,""7.936,1"",""7.784,5"",""8.118,0"",""7.725,0"",""35,08K"",""1,95%"""
"27.03.2018,""7.784,5"",""8.128,0"",""8.209,0"",""7.727,0"",""50,41K"",""-4,12%"""
"26.03.2018,""8.119,1"",""8.445,0"",""8.496,4"",""7.839,1"",""56,38K"",""-3,86%"""
"25.03.2018,""8.445,1"",""8.525,0"",""8.673,9"",""8.373,0"",""30,69K"",""-1,05%"""
"24.03.2018,""8.535,0"",""8.911,4"",""9.040,2"",""8.463,0"",""44,21K"",""-4,19%"""
"23.03.2018,""8.908,0"",""8.703,8"",""8.910,0"",""8.272,8"",""44,91K"",""2,32%"""
"22.03.2018,""8.706,4"",""8.888,6"",""9.088,0"",""8.453,1"",""54,42K"",""-2,18%"""
"21.03.2018,""8.900,1"",""8.899,8"",""9.175,2"",""8.755,7"",""42,86K"",""0,00%"""
"20.03.2018,""8.899,7"",""8.600,2"",""9.025,0"",""8.309,6"",""54,28K"",""3,48%"""
"19.03.2018,""8.600,1"",""8.209,0"",""8.689,9"",""8.100,0"",""73,28K"",""4,88%"""
"18.03.2018,""8.200,2"",""7.832,0"",""8.285,6"",""7.240,0"",""88,92K"",""4,45%"""
"17.03.2018,""7.851,0"",""8.250,0"",""8.350,1"",""7.729,5"",""48,97K"",""-4,85%"""
"16.03.2018,""8.251,0"",""8.250,1"",""8.602,7"",""7.903,2"",""56,34K"",""-0,02%"""
"15.03.2018,""8.252,9"",""8.181,3"",""8.416,7"",""7.666,3"",""82,58K"",""0,81%"""
"14.03.2018,""8.186,6"",""9.135,2"",""9.400,1"",""7.923,8"",""78,81K"",""-10,38%"""
"13.03.2018,""9.135,0"",""9.130,2"",""9.479,0"",""8.827,7"",""61,54K"",""0,15%"""
"12.03.2018,""9.121,0"",""9.528,0"",""9.894,7"",""8.776,8"",""67,58K"",""-4,27%"""
"11.03.2018,""9.528,0"",""8.764,4"",""9.726,1"",""8.429,0"",""70,48K"",""8,74%"""
"10.03.2018,""8.762,0"",""9.216,2"",""9.500,0"",""8.691,1"",""52,54K"",""-4,94%"""
"09.03.2018,""9.217,0"",""9.301,9"",""9.420,5"",""8.351,0"",""98,20K"",""-0,89%"""
"08.03.2018,""9.300,0"",""9.910,7"",""10.109,0"",""9.037,0"",""67,75K"",""-6,09%"""
"07.03.2018,""9.902,9"",""10.779,0"",""10.899,0"",""9.422,1"",""75,22K"",""-7,62%"""
"06.03.2018,""10.720,0"",""11.403,0"",""11.403,0"",""10.578,0"",""44,24K"",""-6,10%"""
"05.03.2018,""11.416,0"",""11.497,0"",""11.696,0"",""11.390,0"",""27,56K"",""-0,74%"""
"04.03.2018,""11.501,0"",""11.454,0"",""11.544,0"",""11.061,0"",""28,07K"",""0,53%"""
"03.03.2018,""11.440,0"",""11.024,0"",""11.526,0"",""11.024,0"",""30,65K"",""3,76%"""
"02.03.2018,""11.025,0"",""10.908,0"",""11.189,0"",""10.766,0"",""28,86K"",""0,92%"""
"01.03.2018,""10.925,0"",""10.316,0"",""11.087,0"",""10.224,0"",""33,87K"",""5,91%"""
"28.02.2018,""10.315,0"",""10.583,0"",""11.063,0"",""10.270,0"",""43,89K"",""-2,40%"""
"27.02.2018,""10.569,0"",""10.320,0"",""10.880,0"",""10.133,0"",""39,72K"",""2,40%"""
"26.02.2018,""10.321,0"",""9.583,0"",""10.437,0"",""9.359,9"",""45,94K"",""7,99%"""
"25.02.2018,""9.557,4"",""9.666,3"",""9.840,0"",""9.284,3"",""30,52K"",""-1,13%"""
"24.02.2018,""9.666,3"",""10.144,0"",""10.499,0"",""9.350,3"",""55,70K"",""-4,72%"""
"23.02.2018,""10.145,0"",""9.826,5"",""10.395,0"",""9.583,9"",""59,07K"",""3,20%"""
"22.02.2018,""9.830,0"",""10.453,2"",""10.912,0"",""9.740,0"",""71,23K"",""-5,98%"""
"21.02.2018,""10.455,0"",""11.216,0"",""11.239,0"",""10.200,0"",""76,96K"",""-6,80%"""
"20.02.2018,""11.218,0"",""11.172,0"",""11.776,0"",""11.101,0"",""60,92K"",""0,40%"""
"19.02.2018,""11.173,0"",""10.398,0"",""11.250,0"",""10.308,0"",""50,74K"",""7,72%"""
"18.02.2018,""10.372,0"",""11.062,0"",""11.250,0"",""10.122,0"",""69,83K"",""-6,17%"""
"17.02.2018,""11.053,5"",""10.161,0"",""11.083,0"",""10.050,0"",""52,80K"",""8,77%"""
"16.02.2018,""10.162,0"",""9.996,0"",""10.270,0"",""9.674,9"",""43,89K"",""1,65%"""
"15.02.2018,""9.996,9"",""9.454,3"",""10.175,0"",""9.338,8"",""67,53K"",""5,73%"""
"14.02.2018,""9.455,4"",""8.515,9"",""9.488,0"",""8.512,6"",""50,36K"",""11,03%"""
"13.02.2018,""8.515,9"",""8.902,9"",""8.952,8"",""8.339,7"",""39,51K"",""-4,32%"""
"12.02.2018,""8.900,6"",""8.070,0"",""9.000,0"",""8.070,0"",""51,40K"",""10,31%"""
"11.02.2018,""8.069,0"",""8.563,0"",""8.569,0"",""7.851,0"",""52,21K"",""-5,77%"""
"10.02.2018,""8.563,1"",""8.678,1"",""9.074,3"",""8.152,1"",""68,15K"",""-1,38%"""
"09.02.2018,""8.683,2"",""8.240,0"",""8.748,0"",""7.734,7"",""63,03K"",""5,44%"""
"08.02.2018,""8.235,1"",""7.585,0"",""8.648,8"",""7.579,6"",""77,62K"",""8,54%"""
"07.02.2018,""7.587,0"",""7.679,4"",""8.488,2"",""7.175,1"",""106,70K"",""-1,13%"""
"06.02.2018,""7.673,8"",""6.946,6"",""7.860,0"",""6.000,0"",""192,76K"",""10,42%"""
"05.02.2018,""6.949,9"",""8.185,2"",""8.378,0"",""6.658,8"",""131,29K"",""-15,25%"""
"04.02.2018,""8.200,0"",""9.225,1"",""9.403,3"",""7.840,0"",""74,42K"",""-11,06%"""
"03.02.2018,""9.219,4"",""8.887,1"",""9.495,0"",""8.189,6"",""51,91K"",""3,64%"""
"02.02.2018,""8.895,8"",""9.181,0"",""9.201,0"",""7.972,2"",""123,34K"",""-3,11%"""
"01.02.2018,""9.181,1"",""10.278,0"",""10.311,0"",""8.941,0"",""78,78K"",""-10,72%"""
"31.01.2018,""10.284,0"",""10.170,0"",""10.411,0"",""9.761,0"",""43,23K"",""1,07%"""
"30.01.2018,""10.175,0"",""11.215,0"",""11.250,0"",""9.864,9"",""61,28K"",""-9,25%"""
"29.01.2018,""11.212,0"",""11.836,0"",""11.957,0"",""11.074,0"",""25,65K"",""-5,30%"""
"28.01.2018,""11.839,0"",""11.455,1"",""12.181,0"",""11.398,0"",""29,62K"",""3,30%"""
"27.01.2018,""11.461,0"",""11.068,0"",""11.683,0"",""10.822,0"",""34,40K"",""3,53%"""
"26.01.2018,""11.070,0"",""11.144,0"",""11.647,0"",""10.298,0"",""56,75K"",""-0,68%"""
"25.01.2018,""11.146,0"",""11.402,0"",""11.723,0"",""10.857,0"",""34,44K"",""-2,35%"""
"24.01.2018,""11.414,0"",""10.811,0"",""11.529,0"",""10.454,0"",""43,82K"",""5,50%"""
"23.01.2018,""10.819,0"",""10.770,0"",""11.383,0"",""9.901,1"",""63,85K"",""0,45%"""
"22.01.2018,""10.771,0"",""11.519,0"",""11.886,0"",""10.009,0"",""66,35K"",""-6,45%"""
"21.01.2018,""11.514,0"",""12.732,0"",""12.732,0"",""11.020,0"",""53,62K"",""-9,54%"""
"20.01.2018,""12.728,0"",""11.462,0"",""13.002,0"",""11.425,0"",""46,30K"",""10,91%"""
"19.01.2018,""11.476,0"",""11.036,0"",""11.879,0"",""10.649,0"",""48,55K"",""3,90%"""
"18.01.2018,""11.045,0"",""11.101,0"",""11.881,0"",""10.515,0"",""85,24K"",""-0,33%"""
"17.01.2018,""11.082,0"",""11.059,0"",""11.490,0"",""9.231,1"",""132,23K"",""0,09%"""
"16.01.2018,""11.072,0"",""13.594,0"",""13.604,0"",""9.949,4"",""131,86K"",""-18,44%"""
"15.01.2018,""13.575,0"",""13.558,0"",""14.350,0"",""13.307,0"",""33,46K"",""0,13%"""
"14.01.2018,""13.558,0"",""14.190,0"",""14.391,0"",""12.874,3"",""35,60K"",""-4,46%"""
"13.01.2018,""14.191,0"",""13.794,0"",""14.580,0"",""13.760,0"",""29,01K"",""2,96%"""
"12.01.2018,""13.783,0"",""13.248,0"",""14.095,0"",""12.778,0"",""37,42K"",""3,90%"""
"11.01.2018,""13.266,0"",""14.895,0"",""14.949,8"",""12.639,0"",""71,70K"",""-10,94%"""
"10.01.2018,""14.896,0"",""14.426,0"",""14.896,0"",""13.338,0"",""57,33K"",""3,28%"""
"09.01.2018,""14.423,0"",""14.902,0"",""15.355,0"",""14.122,0"",""43,44K"",""-3,40%"""
"08.01.2018,""14.930,0"",""16.216,0"",""16.279,0"",""13.760,0"",""64,95K"",""-7,82%"""
"07.01.2018,""16.196,0"",""17.163,0"",""17.176,0"",""15.726,0"",""30,84K"",""-5,62%"""
"06.01.2018,""17.161,0"",""16.911,0"",""17.252,0"",""16.251,0"",""29,61K"",""1,44%"""
"05.01.2018,""16.917,0"",""15.159,0"",""17.101,0"",""14.769,0"",""54,63K"",""11,59%"""
"04.01.2018,""15.160,0"",""15.150,0"",""15.390,0"",""14.064,0"",""46,47K"",""0,03%"""
"03.01.2018,""15.155,0"",""14.713,0"",""15.428,0"",""14.522,0"",""38,35K"",""3,03%"""
"02.01.2018,""14.709,8"",""13.448,0"",""15.300,0"",""12.810,0"",""56,18K"",""10,15%"""
"01.01.2018,""13.354,0"",""13.794,0"",""13.893,0"",""12.787,0"",""29,54K"",""-3,23%"""
"31.03.2017,""1.081,7"",""1.042,1"",""1.089,4"",""1.041,0"",""27,50K"",""3,91%"""
"30.03.2017,""1.041,0"",""1.041,7"",""1.053,5"",""1.022,2"",""24,81K"",""-0,08%"""
"29.03.2017,""1.041,8"",""1.044,7"",""1.058,9"",""1.009,3"",""22,32K"",""-0,28%"""
"28.03.2017,""1.044,7"",""1.042,8"",""1.066,5"",""1.016,8"",""25,25K"",""0,19%"""
"27.03.2017,""1.042,7"",""968,9"",""1.046,9"",""960,1"",""31,91K"",""7,61%"""
"26.03.2017,""969,0"",""971,3"",""1.005,5"",""950,1"",""33,26K"",""-0,33%"""
"25.03.2017,""972,2"",""942,1"",""980,0"",""891,0"",""46,01K"",""3,08%"""
"24.03.2017,""943,1"",""1.032,7"",""1.034,2"",""928,3"",""43,52K"",""-8,70%"""
"23.03.2017,""1.033,0"",""1.039,4"",""1.055,0"",""1.018,0"",""19,33K"",""-0,59%"""
"22.03.2017,""1.039,1"",""1.115,9"",""1.116,0"",""986,3"",""41,33K"",""-6,81%"""
"21.03.2017,""1.115,0"",""1.040,4"",""1.120,9"",""1.040,1"",""33,42K"",""7,31%"""
"20.03.2017,""1.039,0"",""1.016,5"",""1.052,1"",""1.011,2"",""20,53K"",""2,25%"""
"19.03.2017,""1.016,1"",""971,9"",""1.058,9"",""971,0"",""40,55K"",""4,64%"""
"18.03.2017,""971,0"",""1.067,8"",""1.097,1"",""935,1"",""87,88K"",""-9,12%"""
"17.03.2017,""1.068,4"",""1.169,1"",""1.169,6"",""1.066,0"",""59,21K"",""-8,61%"""
"16.03.2017,""1.169,0"",""1.256,1"",""1.259,7"",""1.132,5"",""51,49K"",""-6,93%"""
"15.03.2017,""1.256,1"",""1.245,0"",""1.262,0"",""1.241,3"",""15,84K"",""0,89%"""
"14.03.2017,""1.245,0"",""1.238,5"",""1.257,9"",""1.218,9"",""17,97K"",""0,52%"""
"13.03.2017,""1.238,5"",""1.224,4"",""1.246,9"",""1.207,5"",""23,07K"",""1,09%"""
"12.03.2017,""1.225,2"",""1.172,4"",""1.232,6"",""1.167,5"",""18,97K"",""4,47%"""
"11.03.2017,""1.172,8"",""1.113,5"",""1.196,1"",""1.107,0"",""31,26K"",""5,32%"""
"10.03.2017,""1.113,6"",""1.190,4"",""1.328,8"",""971,0"",""104,89K"",""-6,45%"""
"09.03.2017,""1.190,4"",""1.150,0"",""1.207,5"",""1.136,0"",""24,15K"",""3,58%"""
"08.03.2017,""1.149,3"",""1.232,4"",""1.243,6"",""1.142,2"",""46,82K"",""-6,74%"""
"07.03.2017,""1.232,4"",""1.279,2"",""1.281,8"",""1.185,9"",""42,01K"",""-3,67%"""
"06.03.2017,""1.279,3"",""1.278,4"",""1.287,8"",""1.268,6"",""9,60K"",""0,07%"""
"05.03.2017,""1.278,4"",""1.267,8"",""1.279,8"",""1.245,3"",""9,32K"",""0,84%"""
"04.03.2017,""1.267,8"",""1.289,1"",""1.291,8"",""1.240,1"",""15,55K"",""-1,58%"""
"03.03.2017,""1.288,2"",""1.257,6"",""1.294,7"",""1.256,6"",""22,29K"",""2,05%"""
"02.03.2017,""1.262,3"",""1.232,9"",""1.283,1"",""1.213,0"",""30,55K"",""2,39%"""
"01.03.2017,""1.232,8"",""1.189,1"",""1.233,5"",""1.186,0"",""22,49K"",""3,68%"""
"28.02.2017,""1.189,1"",""1.196,0"",""1.216,0"",""1.177,8"",""17,47K"",""-0,54%"""
"27.02.2017,""1.195,5"",""1.178,3"",""1.202,6"",""1.171,0"",""11,76K"",""1,46%"""
"26.02.2017,""1.178,3"",""1.153,0"",""1.185,9"",""1.130,9"",""11,08K"",""2,19%"""
"25.02.2017,""1.153,0"",""1.185,4"",""1.189,9"",""1.131,5"",""16,29K"",""-2,71%"""
"24.02.2017,""1.185,1"",""1.189,9"",""1.222,2"",""1.111,1"",""48,21K"",""-0,49%"""
"23.02.2017,""1.190,9"",""1.125,5"",""1.196,9"",""1.120,4"",""26,12K"",""5,83%"""
"22.02.2017,""1.125,3"",""1.129,6"",""1.140,0"",""1.106,4"",""14,33K"",""-0,38%"""
"21.02.2017,""1.129,6"",""1.091,3"",""1.134,0"",""1.085,0"",""24,50K"",""3,52%"""
"20.02.2017,""1.091,2"",""1.056,2"",""1.100,3"",""1.044,1"",""13,29K"",""3,31%"""
"19.02.2017,""1.056,2"",""1.059,8"",""1.066,0"",""1.045,0"",""6,44K"",""-0,34%"""
"18.02.2017,""1.059,8"",""1.056,2"",""1.071,1"",""1.053,1"",""7,15K"",""0,34%"""
"17.02.2017,""1.056,2"",""1.038,5"",""1.065,8"",""1.034,1"",""16,17K"",""1,71%"""
"16.02.2017,""1.038,4"",""1.013,9"",""1.045,7"",""1.013,9"",""11,26K"",""2,43%"""
"15.02.2017,""1.013,8"",""1.013,3"",""1.017,3"",""1.002,4"",""5,61K"",""0,01%"""
"14.02.2017,""1.013,7"",""996,5"",""1.019,0"",""988,9"",""12,20K"",""1,73%"""
"13.02.2017,""996,5"",""996,0"",""1.004,5"",""975,9"",""9,05K"",""0,05%"""
"12.02.2017,""996,0"",""1.000,1"",""1.005,4"",""992,3"",""4,33K"",""-0,43%"""
"11.02.2017,""1.000,3"",""992,1"",""1.009,0"",""984,2"",""9,32K"",""0,84%"""
"10.02.2017,""992,0"",""985,0"",""1.002,0"",""949,4"",""24,48K"",""0,71%"""
"09.02.2017,""985,0"",""1.049,0"",""1.078,0"",""936,4"",""59,96K"",""-6,09%"""
"08.02.2017,""1.048,8"",""1.052,5"",""1.068,0"",""1.013,2"",""23,09K"",""-0,31%"""
"07.02.2017,""1.052,1"",""1.022,6"",""1.056,3"",""1.021,7"",""15,19K"",""2,88%"""
"06.02.2017,""1.022,6"",""1.006,6"",""1.026,2"",""1.006,0"",""8,90K"",""1,59%"""
"05.02.2017,""1.006,6"",""1.031,1"",""1.033,0"",""996,3"",""16,19K"",""-2,38%"""
"04.02.2017,""1.031,1"",""1.016,8"",""1.040,0"",""1.001,6"",""17,19K"",""1,52%"""
"03.02.2017,""1.015,7"",""1.007,0"",""1.020,5"",""988,3"",""18,97K"",""0,99%"""
"02.02.2017,""1.005,7"",""983,7"",""1.010,5"",""970,1"",""17,79K"",""2,23%"""
"01.02.2017,""983,7"",""966,2"",""985,0"",""960,1"",""11,35K"",""1,82%"""
"31.01.2017,""966,2"",""917,4"",""969,4"",""916,8"",""19,65K"",""5,32%"""
"30.01.2017,""917,4"",""912,5"",""920,8"",""910,0"",""3,45K"",""0,53%"""
"29.01.2017,""912,6"",""919,4"",""923,0"",""910,7"",""2,70K"",""-0,75%"""
"28.01.2017,""919,4"",""916,7"",""924,0"",""915,0"",""3,61K"",""0,30%"""
"27.01.2017,""916,7"",""915,1"",""922,2"",""905,0"",""10,14K"",""0,17%"""
"26.01.2017,""915,1"",""893,3"",""917,6"",""893,3"",""9,82K"",""2,44%"""
"25.01.2017,""893,3"",""886,1"",""899,6"",""884,2"",""10,48K"",""0,82%"""
"24.01.2017,""886,1"",""908,4"",""927,0"",""884,2"",""20,73K"",""-2,63%"""
"23.01.2017,""910,0"",""923,7"",""928,8"",""910,0"",""9,63K"",""-1,48%"""
"22.01.2017,""923,7"",""924,0"",""939,7"",""892,0"",""21,84K"",""-0,03%"""
"21.01.2017,""924,0"",""895,7"",""931,0"",""893,9"",""12,17K"",""3,13%"""
"20.01.2017,""896,0"",""900,3"",""904,5"",""883,3"",""9,49K"",""-0,48%"""
"19.01.2017,""900,3"",""887,6"",""908,2"",""884,6"",""15,08K"",""1,41%"""
"18.01.2017,""887,8"",""904,0"",""913,8"",""847,3"",""21,30K"",""-1,80%"""
"17.01.2017,""904,0"",""830,1"",""910,8"",""828,0"",""27,34K"",""8,90%"""
"16.01.2017,""830,1"",""820,7"",""837,9"",""814,8"",""7,65K"",""1,14%"""
"15.01.2017,""820,7"",""815,3"",""823,0"",""805,1"",""5,39K"",""0,67%"""
"14.01.2017,""815,3"",""828,1"",""838,5"",""800,7"",""12,53K"",""-1,55%"""
"13.01.2017,""828,1"",""804,6"",""832,3"",""776,0"",""25,88K"",""2,93%"""
"12.01.2017,""804,6"",""779,5"",""831,2"",""738,7"",""35,91K"",""3,34%"""
"11.01.2017,""778,6"",""905,8"",""922,6"",""760,0"",""62,87K"",""-14,04%"""
"10.01.2017,""905,8"",""903,0"",""917,9"",""895,5"",""12,14K"",""0,31%"""
"09.01.2017,""903,0"",""915,9"",""916,1"",""876,3"",""16,59K"",""-1,41%"""
"08.01.2017,""915,9"",""908,8"",""942,5"",""890,0"",""30,75K"",""0,78%"""
"07.01.2017,""908,8"",""898,5"",""911,0"",""816,1"",""40,60K"",""1,21%"""
"06.01.2017,""898,0"",""1.003,8"",""1.025,0"",""871,0"",""57,40K"",""-10,49%"""
"05.01.2017,""1.003,2"",""1.139,8"",""1.166,0"",""865,4"",""91,20K"",""-11,97%"""
"04.01.2017,""1.139,6"",""1.037,5"",""1.150,0"",""1.036,4"",""53,73K"",""9,84%"""
"03.01.2017,""1.037,5"",""1.019,3"",""1.038,7"",""1.013,5"",""14,11K"",""1,79%"""
"02.01.2017,""1.019,3"",""999,2"",""1.034,8"",""997,3"",""21,82K"",""2,03%"""
"01.01.2017,""999,0"",""966,6"",""1.006,5"",""961,3"",""13,44K"",""3,35%"""
"30.06.2016,""674,7"",""640,0"",""677,5"",""635,6"",""40,25K"",""5,48%"""
"29.06.2016,""639,7"",""646,6"",""646,6"",""622,0"",""33,26K"",""-1,02%"""
"28.06.2016,""646,3"",""662,2"",""664,3"",""633,0"",""35,75K"",""-2,40%"""
"27.06.2016,""662,2"",""627,4"",""662,2"",""617,3"",""46,01K"",""5,54%"""
"26.06.2016,""627,4"",""664,9"",""667,9"",""614,3"",""45,12K"",""-5,63%"""
"25.06.2016,""664,9"",""665,5"",""698,0"",""642,8"",""55,63K"",""-0,18%"""
"24.06.2016,""666,0"",""625,8"",""680,0"",""625,8"",""92,36K"",""6,43%"""
"23.06.2016,""625,8"",""605,6"",""638,2"",""555,6"",""122,98K"",""3,26%"""
"22.06.2016,""606,0"",""669,0"",""688,2"",""588,9"",""100,50K"",""-9,40%"""
"21.06.2016,""668,9"",""705,8"",""715,8"",""668,9"",""102,12K"",""-10,08%"""
"20.06.2016,""743,9"",""767,3"",""767,7"",""724,3"",""49,09K"",""-3,05%"""
"19.06.2016,""767,3"",""757,6"",""771,9"",""740,0"",""26,70K"",""1,28%"""
"18.06.2016,""757,6"",""748,7"",""789,7"",""721,6"",""66,95K"",""1,19%"""
"17.06.2016,""748,7"",""769,5"",""780,0"",""703,1"",""97,38K"",""-2,70%"""
"16.06.2016,""769,5"",""697,0"",""778,5"",""697,0"",""123,86K"",""10,41%"""
"15.06.2016,""696,9"",""684,5"",""699,1"",""669,2"",""34,04K"",""1,81%"""
"14.06.2016,""684,5"",""705,9"",""705,9"",""656,5"",""65,74K"",""-3,03%"""
"13.06.2016,""705,9"",""672,0"",""719,0"",""659,9"",""117,69K"",""5,20%"""
"12.06.2016,""671,0"",""614,6"",""685,0"",""607,0"",""116,40K"",""9,19%"""
"11.06.2016,""614,5"",""580,1"",""615,0"",""579,3"",""28,43K"",""5,94%"""
"10.06.2016,""580,1"",""575,5"",""582,4"",""572,5"",""16,17K"",""0,79%"""
"09.06.2016,""575,5"",""583,0"",""583,7"",""570,0"",""21,87K"",""-1,29%"""
"08.06.2016,""583,0"",""576,9"",""585,0"",""571,1"",""18,08K"",""1,07%"""
"07.06.2016,""576,9"",""585,2"",""592,1"",""561,3"",""36,12K"",""-1,43%"""
"06.06.2016,""585,2"",""574,0"",""588,5"",""574,0"",""27,45K"",""1,95%"""
"05.06.2016,""574,0"",""572,9"",""586,0"",""565,2"",""28,14K"",""0,23%"""
"04.06.2016,""572,7"",""570,9"",""593,7"",""561,5"",""39,12K"",""0,32%"""
"03.06.2016,""570,9"",""538,8"",""579,0"",""535,8"",""48,45K"",""5,95%"""
"02.06.2016,""538,8"",""536,8"",""543,7"",""532,4"",""16,88K"",""0,37%"""
"01.06.2016,""536,8"",""530,7"",""546,1"",""523,8"",""27,82K"",""1,15%"""
"31.05.2016,""530,7"",""532,9"",""546,5"",""518,0"",""49,88K"",""-0,41%"""
"30.05.2016,""532,9"",""531,0"",""548,4"",""521,1"",""32,60K"",""0,36%"""
"29.05.2016,""531,0"",""527,0"",""567,0"",""512,5"",""83,72K"",""0,76%"""
"28.05.2016,""527,0"",""472,0"",""541,0"",""471,0"",""74,36K"",""11,65%"""
"27.05.2016,""472,0"",""454,0"",""482,3"",""453,6"",""59,12K"",""3,98%"""
"26.05.2016,""454,0"",""449,1"",""454,7"",""446,0"",""9,52K"",""1,09%"""
"25.05.2016,""449,1"",""445,0"",""450,4"",""443,0"",""12,35K"",""0,91%"""
"24.05.2016,""445,0"",""443,5"",""447,8"",""442,4"",""8,33K"",""0,31%"""
"23.05.2016,""443,7"",""437,5"",""444,4"",""436,5"",""7,87K"",""1,41%"""
"22.05.2016,""437,5"",""440,8"",""441,0"",""435,1"",""7,24K"",""-0,76%"""
"21.05.2016,""440,8"",""441,6"",""442,2"",""437,0"",""6,22K"",""-0,17%"""
"20.05.2016,""441,6"",""434,5"",""443,1"",""433,0"",""14,29K"",""1,51%"""
"19.05.2016,""435,0"",""453,5"",""454,7"",""433,0"",""30,35K"",""-4,08%"""
"18.05.2016,""453,5"",""453,2"",""456,9"",""451,5"",""7,16K"",""0,06%"""
"17.05.2016,""453,2"",""453,0"",""454,9"",""451,0"",""7,63K"",""0,05%"""
"16.05.2016,""453,0"",""457,9"",""459,0"",""451,0"",""8,77K"",""-1,07%"""
"15.05.2016,""457,9"",""455,8"",""460,7"",""454,7"",""5,64K"",""0,46%"""
"14.05.2016,""455,8"",""455,8"",""458,5"",""454,1"",""3,61K"",""0,00%"""
"13.05.2016,""455,8"",""455,0"",""457,5"",""452,0"",""7,13K"",""0,17%"""
"12.05.2016,""455,0"",""452,3"",""456,1"",""445,9"",""18,08K"",""0,60%"""
"11.05.2016,""452,3"",""450,7"",""454,7"",""450,0"",""8,03K"",""0,35%"""
"10.05.2016,""450,7"",""461,6"",""464,0"",""446,2"",""22,57K"",""-2,35%"""
"09.05.2016,""461,6"",""459,9"",""465,4"",""457,8"",""15,12K"",""0,37%"""
"08.05.2016,""459,9"",""460,2"",""461,6"",""456,0"",""6,45K"",""-0,07%"""
"07.05.2016,""460,2"",""461,2"",""463,0"",""458,3"",""7,81K"",""-0,21%"""
"06.05.2016,""461,2"",""448,4"",""465,0"",""448,0"",""26,54K"",""2,85%"""
"05.05.2016,""448,4"",""447,4"",""450,4"",""446,1"",""10,79K"",""0,23%"""
"04.05.2016,""447,4"",""450,4"",""451,0"",""445,1"",""7,05K"",""-0,67%"""
"03.05.2016,""450,4"",""443,7"",""452,0"",""440,1"",""12,16K"",""1,50%"""
"02.05.2016,""443,7"",""451,1"",""452,5"",""436,0"",""29,74K"",""-1,64%"""
"01.05.2016,""451,1"",""446,6"",""453,0"",""445,7"",""3,90K"",""1,01%"""
"30.04.2016,""446,6"",""455,3"",""456,0"",""445,1"",""10,58K"",""-1,92%"""
"29.04.2016,""455,3"",""450,5"",""457,4"",""445,8"",""13,42K"",""1,08%"""
"28.04.2016,""450,5"",""444,9"",""450,8"",""435,0"",""25,33K"",""1,21%"""
"27.04.2016,""445,1"",""468,1"",""469,7"",""443,4"",""40,28K"",""-4,92%"""
"26.04.2016,""468,1"",""461,8"",""472,0"",""461,8"",""18,72K"",""1,38%"""
"25.04.2016,""461,8"",""463,0"",""471,6"",""455,0"",""25,90K"",""-0,27%"""
"24.04.2016,""463,0"",""453,7"",""465,0"",""450,2"",""24,13K"",""2,05%"""
"23.04.2016,""453,7"",""447,8"",""454,6"",""445,7"",""10,16K"",""1,32%"""
"22.04.2016,""447,8"",""452,3"",""453,1"",""444,5"",""12,21K"",""-0,94%"""
"21.04.2016,""452,0"",""443,9"",""454,5"",""442,3"",""17,83K"",""1,82%"""
"20.04.2016,""444,0"",""437,8"",""446,5"",""436,6"",""21,25K"",""1,41%"""
"19.04.2016,""437,8"",""430,0"",""439,0"",""428,5"",""12,05K"",""1,80%"""
"18.04.2016,""430,0"",""428,5"",""430,9"",""426,5"",""7,58K"",""0,36%"""
"17.04.2016,""428,5"",""432,5"",""433,5"",""426,4"",""8,48K"",""-0,82%"""
"16.04.2016,""432,0"",""431,5"",""435,7"",""430,5"",""7,71K"",""0,13%"""
"15.04.2016,""431,5"",""426,0"",""432,4"",""426,0"",""15,84K"",""1,28%"""
"14.04.2016,""426,0"",""424,8"",""426,4"",""424,0"",""4,13K"",""0,30%"""
"13.04.2016,""424,8"",""426,6"",""427,7"",""423,0"",""6,67K"",""-0,43%"""
"12.04.2016,""426,6"",""423,7"",""430,0"",""423,7"",""14,77K"",""0,67%"""
"11.04.2016,""423,7"",""421,3"",""423,9"",""418,8"",""6,40K"",""0,57%"""
"10.04.2016,""421,3"",""418,5"",""422,8"",""417,5"",""4,25K"",""0,68%"""
"09.04.2016,""418,5"",""418,5"",""418,8"",""412,0"",""6,33K"",""0,00%"""
"08.04.2016,""418,5"",""422,3"",""424,5"",""415,5"",""9,85K"",""-0,90%"""
"07.04.2016,""422,3"",""422,6"",""422,9"",""417,8"",""7,73K"",""-0,07%"""
"06.04.2016,""422,6"",""423,8"",""424,5"",""421,7"",""5,68K"",""-0,28%"""
"05.04.2016,""423,8"",""420,5"",""424,6"",""419,6"",""7,26K"",""0,78%"""
"04.04.2016,""420,5"",""420,6"",""421,2"",""416,3"",""5,75K"",""-0,03%"""
"03.04.2016,""420,6"",""420,3"",""421,7"",""417,6"",""4,25K"",""0,07%"""
"02.04.2016,""420,3"",""417,9"",""422,8"",""417,5"",""6,12K"",""0,66%"""
"01.04.2016,""417,6"",""416,0"",""417,6"",""414,0"",""5,41K"",""0,37%"""
"30.09.2015,""236,5"",""236,8"",""238,8"",""235,1"",""5,21K"",""-0,13%"""
"29.09.2015,""236,8"",""240,4"",""241,5"",""236,6"",""9,41K"",""-1,51%"""
"28.09.2015,""240,4"",""233,4"",""241,4"",""233,4"",""12,49K"",""3,03%"""
"27.09.2015,""233,4"",""234,6"",""234,8"",""233,1"",""2,61K"",""-0,54%"""
"26.09.2015,""234,6"",""235,3"",""235,9"",""233,8"",""4,80K"",""-0,27%"""
"25.09.2015,""235,3"",""234,6"",""237,6"",""233,1"",""9,87K"",""0,26%"""
"24.09.2015,""234,6"",""230,5"",""236,3"",""230,5"",""15,50K"",""1,78%"""
"23.09.2015,""230,5"",""231,1"",""233,0"",""230,0"",""5,70K"",""-0,32%"""
"22.09.2015,""231,3"",""227,2"",""233,3"",""224,5"",""18,74K"",""1,78%"""
"21.09.2015,""227,2"",""232,1"",""233,0"",""226,4"",""9,26K"",""-2,11%"""
"20.09.2015,""232,1"",""232,1"",""233,2"",""231,4"",""3,48K"",""0,00%"""
"19.09.2015,""232,1"",""233,8"",""234,2"",""231,4"",""4,96K"",""-0,72%"""
"18.09.2015,""233,8"",""233,6"",""236,2"",""232,5"",""8,68K"",""0,07%"""
"17.09.2015,""233,6"",""229,0"",""235,7"",""229,0"",""11,26K"",""2,02%"""
"16.09.2015,""229,0"",""230,9"",""232,1"",""227,4"",""8,81K"",""-0,84%"""
"15.09.2015,""230,9"",""230,9"",""232,9"",""229,5"",""6,85K"",""0,00%"""
"14.09.2015,""230,9"",""231,0"",""233,8"",""228,4"",""9,71K"",""-0,03%"""
"13.09.2015,""231,0"",""235,8"",""236,9"",""228,9"",""12,44K"",""-2,04%"""
"12.09.2015,""235,8"",""240,6"",""241,0"",""235,3"",""9,85K"",""-2,01%"""
"11.09.2015,""240,6"",""239,5"",""242,9"",""239,4"",""7,12K"",""0,46%"""
"10.09.2015,""239,5"",""238,9"",""241,9"",""237,0"",""10,81K"",""0,23%"""
"09.09.2015,""238,9"",""244,2"",""245,6"",""238,5"",""14,37K"",""-2,15%"""
"08.09.2015,""244,2"",""240,9"",""247,7"",""240,3"",""16,34K"",""1,39%"""
"07.09.2015,""240,9"",""241,0"",""243,0"",""239,0"",""6,95K"",""-0,05%"""
"06.09.2015,""241,0"",""235,8"",""246,5"",""235,5"",""20,52K"",""2,18%"""
"05.09.2015,""235,8"",""230,9"",""239,7"",""230,0"",""12,20K"",""2,14%"""
"04.09.2015,""230,9"",""227,3"",""231,6"",""227,1"",""10,81K"",""1,60%"""
"03.09.2015,""227,3"",""229,7"",""229,9"",""226,2"",""6,91K"",""-1,07%"""
"02.09.2015,""229,7"",""228,2"",""231,8"",""226,5"",""9,01K"",""0,64%"""
"01.09.2015,""228,2"",""231,4"",""232,3"",""226,6"",""9,83K"",""-1,34%"""
"31.08.2015,""231,4"",""230,0"",""233,7"",""225,3"",""11,02K"",""0,59%"""
"30.08.2015,""230,0"",""230,8"",""233,5"",""225,8"",""8,70K"",""-0,33%"""
"29.08.2015,""230,8"",""231,8"",""233,9"",""227,2"",""10,10K"",""-0,47%"""
"28.08.2015,""231,8"",""225,8"",""237,3"",""220,1"",""27,31K"",""2,67%"""
"27.08.2015,""225,8"",""226,1"",""229,2"",""224,0"",""11,63K"",""-0,18%"""
"26.08.2015,""226,2"",""222,7"",""232,2"",""220,1"",""23,85K"",""1,59%"""
"25.08.2015,""222,7"",""210,5"",""227,9"",""198,0"",""69,53K"",""5,78%"""
"24.08.2015,""210,5"",""228,1"",""228,6"",""208,5"",""53,50K"",""-7,89%"""
"23.08.2015,""228,5"",""230,3"",""232,9"",""225,6"",""12,01K"",""-0,76%"""
"22.08.2015,""230,3"",""232,2"",""234,6"",""222,0"",""20,89K"",""-0,82%"""
"21.08.2015,""232,2"",""235,5"",""236,4"",""230,5"",""13,00K"",""-1,43%"""
"20.08.2015,""235,5"",""226,3"",""237,8"",""226,3"",""26,46K"",""4,11%"""
"19.08.2015,""226,2"",""194,0"",""239,4"",""194,0"",""93,88K"",""23,62%"""
"18.08.2015,""183,0"",""258,5"",""258,5"",""171,0"",""72,15K"",""-29,20%"""
"17.08.2015,""258,5"",""259,9"",""262,0"",""257,5"",""9,90K"",""-0,54%"""
"16.08.2015,""259,9"",""262,2"",""262,9"",""256,5"",""27,30K"",""-0,85%"""
"15.08.2015,""262,1"",""266,3"",""267,8"",""261,0"",""10,49K"",""-1,48%"""
"14.08.2015,""266,1"",""264,5"",""268,9"",""262,1"",""13,43K"",""0,61%"""
"13.08.2015,""264,5"",""267,1"",""268,0"",""263,3"",""12,91K"",""-0,98%"""
"12.08.2015,""267,1"",""272,0"",""273,8"",""265,8"",""16,28K"",""-1,79%"""
"11.08.2015,""272,0"",""265,1"",""272,0"",""264,8"",""12,67K"",""2,59%"""
"10.08.2015,""265,1"",""265,6"",""267,7"",""262,2"",""10,70K"",""-0,18%"""
"09.08.2015,""265,6"",""261,3"",""267,6"",""260,7"",""21,20K"",""1,62%"""
"08.08.2015,""261,3"",""280,2"",""280,3"",""260,6"",""36,82K"",""-6,70%"""
"07.08.2015,""280,1"",""279,1"",""281,0"",""276,1"",""12,44K"",""0,37%"""
"06.08.2015,""279,1"",""282,6"",""282,6"",""278,1"",""10,15K"",""-1,25%"""
"05.08.2015,""282,6"",""285,5"",""285,9"",""281,6"",""7,69K"",""-1,00%"""
"04.08.2015,""285,5"",""281,3"",""285,9"",""281,3"",""12,06K"",""1,49%"""
"03.08.2015,""281,3"",""282,4"",""287,0"",""279,7"",""14,67K"",""-0,43%"""
"02.08.2015,""282,5"",""280,3"",""283,3"",""276,3"",""11,77K"",""0,77%"""
"01.08.2015,""280,3"",""284,5"",""285,0"",""276,5"",""12,28K"",""-1,45%"""
"31.07.2015,""284,5"",""288,2"",""289,9"",""282,0"",""14,63K"",""-1,30%"""
"30.07.2015,""288,2"",""289,9"",""291,0"",""285,0"",""12,16K"",""-0,59%"""
"29.07.2015,""289,9"",""295,2"",""295,4"",""286,6"",""15,75K"",""-1,80%"""
"28.07.2015,""295,2"",""294,8"",""298,9"",""293,6"",""14,44K"",""0,13%"""
"27.07.2015,""294,8"",""293,0"",""298,7"",""286,0"",""25,41K"",""0,62%"""
"26.07.2015,""293,0"",""289,4"",""294,5"",""288,1"",""9,30K"",""1,26%"""
"25.07.2015,""289,4"",""288,6"",""292,4"",""286,4"",""11,82K"",""0,26%"""
"24.07.2015,""288,6"",""276,5"",""289,9"",""276,0"",""24,08K"",""4,37%"""
"23.07.2015,""276,5"",""278,0"",""278,4"",""275,6"",""5,44K"",""-0,53%"""
"22.07.2015,""278,0"",""275,8"",""278,4"",""274,5"",""11,13K"",""0,80%"""
"21.07.2015,""275,8"",""280,2"",""282,1"",""275,3"",""13,40K"",""-1,62%"""
"20.07.2015,""280,3"",""275,0"",""280,5"",""273,5"",""11,82K"",""1,92%"""
"19.07.2015,""275,0"",""277,3"",""279,2"",""274,7"",""7,94K"",""-0,80%"""
"18.07.2015,""277,3"",""279,9"",""283,3"",""276,1"",""15,40K"",""-0,93%"""
"17.07.2015,""279,9"",""278,9"",""281,5"",""272,1"",""25,52K"",""0,33%"""
"16.07.2015,""278,9"",""285,4"",""294,3"",""275,2"",""53,00K"",""-2,28%"""
"15.07.2015,""285,4"",""286,9"",""294,4"",""283,5"",""21,92K"",""-0,50%"""
"14.07.2015,""286,9"",""292,6"",""297,1"",""286,1"",""23,27K"",""-1,98%"""
"13.07.2015,""292,6"",""311,1"",""312,0"",""284,5"",""74,07K"",""-5,94%"""
"12.07.2015,""311,1"",""300,6"",""316,0"",""300,5"",""61,47K"",""8,52%"""
"10.07.2015,""286,7"",""269,2"",""292,7"",""268,6"",""68,25K"",""6,49%"""
"09.07.2015,""269,2"",""270,0"",""272,8"",""268,0"",""24,11K"",""-0,59%"""
"08.07.2015,""270,8"",""269,5"",""271,4"",""267,4"",""27,02K"",""2,00%"""
"07.07.2015,""265,5"",""268,8"",""268,9"",""263,3"",""45,25K"",""-3,39%"""
"06.07.2015,""274,8"",""270,1"",""276,5"",""268,1"",""61,92K"",""3,63%"""
"05.07.2015,""265,2"",""260,6"",""265,3"",""258,0"",""14,57K"",""1,77%"""
"04.07.2015,""260,6"",""256,1"",""261,9"",""253,6"",""9,77K"",""1,77%"""
"03.07.2015,""256,0"",""254,5"",""256,9"",""252,1"",""11,55K"",""0,60%"""
"02.07.2015,""254,5"",""258,1"",""262,6"",""253,0"",""17,29K"",""-1,39%"""
"01.07.2015,""258,1"",""262,9"",""264,8"",""253,5"",""21,83K"",""-1,82%"""
"31.12.2014,""317,0"",""309,0"",""317,6"",""308,6"",""1,86K"",""2,66%"""
"30.12.2014,""308,8"",""314,4"",""315,3"",""307,9"",""1,51K"",""-1,00%"""
"29.12.2014,""311,9"",""319,6"",""321,5"",""311,9"",""1,35K"",""-1,77%"""
"28.12.2014,""317,5"",""317,3"",""318,6"",""312,0"",""0,68K"",""0,51%"""
"27.12.2014,""315,9"",""327,1"",""327,1"",""312,7"",""1,10K"",""-3,83%"""
"26.12.2014,""328,5"",""319,2"",""329,8"",""317,5"",""2,99K"",""2,97%"""
"25.12.2014,""319,0"",""322,6"",""323,1"",""317,9"",""0,74K"",""-1,17%"""
"24.12.2014,""322,8"",""333,6"",""334,3"",""322,8"",""1,16K"",""-3,04%"""
"23.12.2014,""332,9"",""330,0"",""335,2"",""326,1"",""2,95K"",""1,18%"""
"22.12.2014,""329,0"",""318,2"",""329,2"",""317,5"",""1,32K"",""3,72%"""
"21.12.2014,""317,2"",""328,4"",""328,4"",""316,9"",""1,54K"",""-3,60%"""
"20.12.2014,""329,1"",""315,8"",""330,0"",""314,9"",""1,23K"",""4,22%"""
"19.12.2014,""315,7"",""309,3"",""317,0"",""306,0"",""2,33K"",""2,43%"""
"18.12.2014,""308,3"",""318,6"",""321,1"",""303,6"",""1,92K"",""-3,12%"""
"17.12.2014,""318,2"",""333,4"",""337,0"",""315,0"",""3,66K"",""-3,76%"""
"16.12.2014,""330,6"",""348,1"",""348,1"",""330,6"",""0,05K"",""-4,78%"""
"15.12.2014,""347,2"",""354,1"",""354,1"",""346,3"",""2,36K"",""-1,55%"""
"14.12.2014,""352,7"",""350,6"",""356,8"",""347,0"",""1,16K"",""0,51%"""
"13.12.2014,""350,9"",""352,6"",""352,6"",""348,3"",""0,75K"",""-0,56%"""
"12.12.2014,""352,8"",""350,4"",""357,0"",""349,9"",""2,32K"",""0,80%"""
"11.12.2014,""350,0"",""346,6"",""363,3"",""343,6"",""0,87K"",""0,90%"""
"10.12.2014,""346,9"",""354,0"",""356,2"",""343,5"",""3,12K"",""-1,96%"""
"09.12.2014,""353,9"",""363,2"",""364,4"",""345,5"",""0,86K"",""-2,60%"""
"08.12.2014,""363,3"",""375,2"",""375,6"",""361,7"",""1,21K"",""-2,97%"""
"07.12.2014,""374,4"",""373,9"",""376,7"",""370,9"",""0,91K"",""0,45%"""
"06.12.2014,""372,8"",""378,0"",""379,1"",""371,1"",""0,70K"",""-1,49%"""
"05.12.2014,""378,4"",""368,8"",""380,6"",""367,2"",""0,93K"",""2,20%"""
"04.12.2014,""370,3"",""375,8"",""378,9"",""364,8"",""1,16K"",""-1,46%"""
"03.12.2014,""375,7"",""381,4"",""383,1"",""374,3"",""1,09K"",""-1,64%"""
"02.12.2014,""382,0"",""377,4"",""382,6"",""376,9"",""2,04K"",""1,17%"""
"01.12.2014,""377,6"",""376,7"",""380,0"",""374,9"",""1,57K"",""0,23%"""
"30.11.2014,""376,7"",""374,7"",""380,3"",""373,1"",""1,51K"",""0,60%"""
"29.11.2014,""374,5"",""375,3"",""383,0"",""372,0"",""1,28K"",""-0,29%"""
"28.11.2014,""375,6"",""369,9"",""380,3"",""359,5"",""0,89K"",""1,62%"""
"27.11.2014,""369,6"",""369,3"",""373,5"",""368,1"",""0,63K"",""0,46%"""
"26.11.2014,""367,9"",""377,0"",""378,3"",""365,8"",""1,21K"",""-2,12%"""
"25.11.2014,""375,8"",""373,5"",""390,0"",""373,1"",""3,84K"",""0,72%"""
"24.11.2014,""373,2"",""365,3"",""387,0"",""327,8"",""1,71K"",""3,49%"""
"23.11.2014,""360,6"",""347,5"",""360,6"",""346,7"",""0,91K"",""4,11%"""
"22.11.2014,""346,4"",""350,9"",""360,3"",""346,1"",""0,80K"",""-0,85%"""
"21.11.2014,""349,3"",""353,5"",""356,0"",""346,1"",""1,81K"",""-1,84%"""
"20.11.2014,""355,9"",""380,5"",""380,6"",""353,4"",""1,77K"",""-6,14%"""
"19.11.2014,""379,2"",""373,1"",""381,6"",""372,1"",""2,89K"",""2,48%"""
"18.11.2014,""370,0"",""388,6"",""390,9"",""370,0"",""1,07K"",""-4,53%"""
"17.11.2014,""387,6"",""388,9"",""407,0"",""376,0"",""1,31K"",""-0,17%"""
"16.11.2014,""388,2"",""380,6"",""391,9"",""380,3"",""0,86K"",""3,11%"""
"15.11.2014,""376,5"",""400,5"",""406,3"",""371,0"",""0,71K"",""-5,65%"""
"14.11.2014,""399,1"",""410,0"",""414,6"",""385,0"",""1,11K"",""-4,85%"""
"13.11.2014,""419,4"",""428,3"",""445,0"",""387,5"",""5,05K"",""0,37%"""
"12.11.2014,""417,9"",""375,0"",""431,1"",""375,0"",""1,26K"",""13,86%"""
"11.11.2014,""367,0"",""366,5"",""367,2"",""361,3"",""0,97K"",""-0,26%"""
"10.11.2014,""368,0"",""360,0"",""372,5"",""355,0"",""0,84K"",""2,21%"""
"09.11.2014,""360,0"",""343,7"",""360,0"",""342,5"",""1,03K"",""4,35%"""
"08.11.2014,""345,0"",""342,0"",""345,0"",""340,5"",""0,89K"",""1,02%"""
"07.11.2014,""341,5"",""348,5"",""350,0"",""341,1"",""1,19K"",""-2,01%"""
"06.11.2014,""348,5"",""337,8"",""349,7"",""335,5"",""0,97K"",""3,24%"""
"05.11.2014,""337,5"",""330,8"",""341,0"",""321,0"",""2,74K"",""3,26%"""
"04.11.2014,""326,9"",""323,6"",""330,2"",""321,8"",""0,89K"",""1,03%"""
"03.11.2014,""323,6"",""324,3"",""335,5"",""323,3"",""3,09K"",""0,33%"""
"02.11.2014,""322,5"",""327,0"",""329,4"",""321,3"",""1,23K"",""-1,43%"""
"01.11.2014,""327,2"",""337,7"",""338,4"",""321,7"",""0,91K"",""-2,91%"""
"31.10.2014,""337,0"",""344,9"",""346,5"",""336,6"",""1,07K"",""-1,99%"""
"30.10.2014,""343,9"",""334,6"",""350,6"",""333,0"",""0,53K"",""3,20%"""
"29.10.2014,""333,2"",""352,2"",""352,3"",""333,2"",""3,40K"",""-5,64%"""
"28.10.2014,""353,1"",""351,2"",""353,2"",""349,0"",""1,95K"",""0,70%"""
"27.10.2014,""350,6"",""351,1"",""355,0"",""346,5"",""2,01K"",""0,19%"""
"26.10.2014,""350,0"",""346,8"",""356,3"",""344,0"",""2,02K"",""0,74%"""
"25.10.2014,""347,4"",""356,8"",""357,5"",""342,3"",""0,89K"",""-2,45%"""
"24.10.2014,""356,1"",""356,1"",""359,9"",""349,0"",""4,21K"",""0,05%"""
"23.10.2014,""356,0"",""379,7"",""381,0"",""353,0"",""1,29K"",""-6,31%"""
"22.10.2014,""380,0"",""382,9"",""385,5"",""379,7"",""0,94K"",""-0,75%"""
"21.10.2014,""382,8"",""380,7"",""387,8"",""378,2"",""1,21K"",""0,49%"""
"20.10.2014,""381,0"",""385,9"",""386,8"",""374,6"",""3,28K"",""-1,36%"""
"19.10.2014,""386,3"",""386,3"",""389,1"",""384,3"",""0,76K"",""-0,96%"""
"18.10.2014,""390,0"",""379,1"",""391,8"",""377,0"",""1,13K"",""2,56%"""
"17.10.2014,""380,3"",""380,7"",""385,7"",""371,9"",""2,43K"",""0,25%"""
"16.10.2014,""379,3"",""395,0"",""395,0"",""372,2"",""1,38K"",""-3,60%"""
"15.10.2014,""393,5"",""392,7"",""397,9"",""379,3"",""12,44K"",""-1,13%"""
"14.10.2014,""397,9"",""388,0"",""405,8"",""385,9"",""0,77K"",""3,81%"""
"13.10.2014,""383,4"",""367,1"",""391,0"",""363,3"",""1,52K"",""3,04%"""
"12.10.2014,""372,0"",""361,9"",""375,0"",""354,3"",""1,52K"",""2,98%"""
"11.10.2014,""361,3"",""358,9"",""366,0"",""352,3"",""0,93K"",""0,49%"""
"10.10.2014,""359,5"",""363,7"",""375,0"",""352,4"",""2,36K"",""-1,08%"""
"09.10.2014,""363,5"",""349,1"",""375,7"",""346,0"",""2,32K"",""3,83%"""
"08.10.2014,""350,0"",""332,1"",""351,0"",""325,0"",""7,43K"",""5,76%"""
"07.10.2014,""331,0"",""330,5"",""334,6"",""315,8"",""9,14K"",""2,20%"""
"06.10.2014,""323,8"",""320,2"",""345,5"",""303,1"",""1,82K"",""0,43%"""
"05.10.2014,""322,5"",""327,6"",""341,2"",""285,1"",""2,18K"",""-1,89%"""
"04.10.2014,""328,7"",""359,6"",""364,8"",""322,4"",""1,41K"",""-8,12%"""
"03.10.2014,""357,7"",""371,5"",""375,1"",""356,4"",""1,05K"",""-3,78%"""
"02.10.2014,""371,7"",""383,1"",""385,5"",""370,3"",""0,82K"",""-2,94%"""
"01.10.2014,""383,0"",""387,0"",""389,0"",""377,0"",""5,26K"",""-1,07%"""
